-2.110233545850126458e-02,1.170970068969346967e+00,4.208726463546415553e-01,-6.135382107437818699e-02,6.657908600665507493e-02,-4.656478903827838134e-01,-1.464751245746354069e-01,6.463242751697741983e-01,1.948941439199812553e+00,5.813964149432750972e-01
-1.113585472885180172e+00,-1.097704748370776473e+00,-1.992306328837644136e-01,-1.846467787531244742e+00,-7.384941116352670143e-01,-1.267478782085190714e+00,-3.241403149086688473e-01,1.003372830191366027e+00,-2.798170520972590669e+00,9.567734654416194529e-01
5.942369562603614375e-01,-2.036775508856202954e+00,1.118740333962416483e-01,-2.340000648947086759e-01,1.709253632792638644e+00,-2.090424717290682022e+00,-1.796038004180328329e+00,-1.936142910678512630e+00,-4.447265349652372857e-01,1.123358598649354834e+00
-6.804992173572294023e-01,-5.016312298954044013e-02,8.998800806376988648e-02,1.046772547826298139e+00,-1.218910055282297566e+00,-4.442521553833301828e-01,4.806285597015975686e-01,-1.206360404790428609e+00,5.653000155641870750e-01,1.360615913453355086e+00
-9.442512705371024495e-01,-1.689154532352637350e+00,-2.073822831448996484e-01,3.466209265384690985e-01,-1.682117889067553107e-01,-6.745420103116362975e-01,-3.436692918229585780e-01,-1.010800114960494156e+00,-2.405336589361574684e-01,3.924301355791666723e-01
2.295257317572997058e-01,2.698198731289940255e-01,3.318546477738496536e-01,1.340559054769145053e+00,4.240505202271308005e-01,-2.599195704136580076e+00,2.810662831232393355e-01,5.619188647730019581e-03,1.557402937465408810e+00,5.484485916340662293e-01
-3.822078801039298646e-01,9.061888779211502154e-02,-1.434201328500307016e+00,2.185018017827543568e-01,-1.367653279695514978e+00,-4.824118530253109771e-01,1.201207499628847097e+00,-1.082576077406795623e+00,3.093942231300862211e+00,1.243096352502031543e+00
1.893615016931022577e-01,-7.135989124998114441e-01,-1.000183081884155722e+00,2.833883531339954631e-01,-1.010608043621808338e+00,1.782456434677974766e+00,-3.200448980162990953e-01,3.087097712509199177e-01,-6.035403449601873804e-01,5.142840205171110846e-01
3.717032980068469827e-01,-4.041704503110462587e-01,-2.121129864760563088e-01,-2.739328867556013458e-01,1.584365214406195044e+00,1.840793871364429846e+00,-6.240770084622104807e-01,-1.699214324011133925e+00,2.513311083020076442e+00,2.425229281845040052e+00
1.114658737772172170e+00,2.825659627341568503e-01,5.216973865703691815e-02,1.778901998179795108e+00,4.267500410327881855e-01,3.825718284242833889e-01,-5.818493573703650279e-01,-6.025590602352998149e-01,1.779308084591729955e+00,8.871555941929890610e-01
1.565010309565010305e+00,-5.238584393404760453e-01,1.435170671269671683e+00,2.670651364831102548e-01,9.463349557547232616e-01,-9.891641817601617426e-01,1.679465143319741838e+00,-8.415904799187734486e-01,9.602762950579615264e-01,8.150693399058044353e-01
4.322365092550883858e-01,2.065850396921196985e+00,1.021963141996855340e+00,3.718207000318353161e-01,3.009588896104246070e-01,1.928879598009980434e+00,-2.095225575901565329e-01,-8.249423867254306320e-01,-2.880755932395381080e+00,-1.642955682718252097e+00
-3.119415745533286044e-01,-1.569262378398903035e+00,9.363650011233395354e-01,-9.556401103236449313e-01,-1.716553109786574716e+00,-1.445494049935073022e+00,-1.309026081762106053e-02,8.881034713387604695e-02,-1.956147266900466031e+00,-9.462734473059862816e-01
1.330913306861545742e+00,-5.574736973468625845e-01,-6.452052941868521851e-02,9.405301355478620784e-02,-4.258563414085010379e-01,2.460758037203773618e+00,-1.419497288027206316e+00,1.750547913420287260e-01,-1.420499398389812429e+00,-1.868075486868205903e-01
1.569918558974746858e+00,7.797772475225686062e-01,9.803001521743112678e-02,-2.214321896913514998e+00,-1.928725971971088970e+00,-1.119580405280976798e+00,-8.750109281030848951e-01,3.969563907572234429e-01,-4.250558277467344492e-01,-8.135717627409785324e-01
-1.237101917261955286e+00,-1.066666809965348017e+00,9.117770382138121743e-01,3.985993675895875832e-01,-5.046040058347094348e-01,-2.197867553529184725e+00,-2.225942732829492843e-01,-9.017246513428855970e-01,1.252924595179971234e+00,-3.693251116094546926e-01
-5.686417475098695107e-01,-2.754417521931218360e+00,-1.444374837885643026e-01,7.141912787362142412e-01,-6.325623564686702061e-01,-2.657385599399298304e+00,4.340234171358424708e-01,-3.578169698702925672e+00,-2.972080080184458240e-03,1.312651573453220033e+00
-2.030667617204361175e+00,-2.033676616335097775e-01,6.103134079200220885e-01,1.358804232884727403e+00,4.577486039586196043e-01,-5.723118015007619963e-01,8.897839968072962513e-01,-3.491794390029552830e-01,-1.817575489061499239e-01,4.644917879733324595e-01
-8.439339805532568572e-01,2.363814084090790357e-01,-6.137214286255934237e-01,9.289531159729428333e-01,2.256833888990016357e-01,-2.517463042534457962e-01,-1.211406519975550378e+00,-7.041812688591347902e-02,7.663039578905482818e-01,-2.505264304520130048e-01
-1.382986972519279156e+00,3.905128808597869150e-01,1.179773503994442141e+00,2.078131832002816926e-01,5.274165658377821808e-01,-2.383397757085978341e+00,6.571913169717130687e-01,3.069309856852719953e-01,1.825763850690789614e+00,-4.609887949072304369e-01
-3.099298730737525681e-02,8.754710956515959763e-01,-5.701972100528478471e-01,6.945766762917064963e-01,2.390530851186712269e+00,6.021570038037189765e-02,1.085524601266983469e+00,1.219842886393890602e+00,8.691880723357787719e-01,6.698929203775053631e-01
1.370752345442580733e+00,2.376907737950009480e-01,-1.895917956387651149e+00,1.371216838844251384e-01,1.714617432112365947e+00,4.098483080674818479e-01,-3.651391772734951524e-01,-1.172368047351161069e-01,-6.538010531949555171e-01,-1.809580494079505719e-01
-2.303992119811719697e+00,2.061894665243246827e-02,2.575530625573245302e+00,-6.542106601922375031e-01,-1.936650509048565283e-02,1.820899005459052089e-01,8.171106819853473091e-01,1.702833220987977736e+00,-3.228721336494201566e+00,-9.558031820515997534e-01
4.997951370228249646e-01,-1.927583951126117023e+00,-1.066707029586225902e-02,-1.569538289832676237e-01,-1.498707233884148948e+00,-2.071759147995728134e-01,-7.628318668961256988e-01,-1.013350277236225283e+00,-2.481304208497071839e-01,3.050033125748103924e-01
2.306459480357593517e+00,-1.713026615624160698e+00,-8.427518042241017859e-01,8.790444711970468727e-01,2.052596666174733020e+00,1.695270260717819943e-01,-1.694328918497827186e+00,-8.318457732159294515e-01,-1.533103181314824925e-01,-6.369409051488024442e-02
9.709300254368458116e-01,1.670692452127245931e+00,-5.350473517899204667e-01,1.190885598579605409e+00,1.155587041233458345e+00,1.214769059123300909e+00,-3.235407474194298416e-01,3.579391353654443053e-02,-9.135360419028503154e-01,-7.335031053001861423e-02
7.953734018384817084e-02,-9.056397707341217185e-01,2.615355739609044328e-01,-1.007631967601060774e+00,-9.620211825818920648e-01,3.019754512709041383e-02,-4.141202018576438659e-01,2.001622902887928213e+00,3.834922355439486230e-01,3.293271497248539403e-01
-4.941460073057394320e-01,-4.502635136023752649e-01,2.285870959500983512e-01,1.725706947453953921e+00,2.955007689946352878e-01,-1.275405962019417583e+00,-2.435309265940157175e+00,-9.239814849297457444e-01,-7.997192403442290320e-01,2.686322731472571279e-01
2.516748799995598418e+00,1.402163836227641402e+00,2.389909247000876924e+00,-1.156866569764771896e-01,-9.075902679333086587e-01,1.171753006296084587e+00,1.996537675673930590e+00,1.498541128699186320e+00,1.680374956610216852e+00,-1.237062501558156447e+00
1.266407056475687520e+00,7.715956085683622900e-02,-9.413664094081370948e-01,-1.634295677439539796e-01,2.579201821332829381e-01,3.668120104223625000e-01,1.551911352961409030e+00,7.977986969186109389e-01,-9.720437947422339020e-02,-1.299634862930056256e+00
9.185268499691184862e-01,-8.382389410638463323e-01,9.096500054564780058e-01,-6.762380567129694375e-01,6.377769964429569338e-03,-2.270206358847415007e-01,-2.017659202362191428e-01,-5.006291538771217436e-02,4.008606202342610558e-01,-2.015764756731721619e-01
6.657404217080791220e-01,3.429500455184609997e+00,9.285871168867539938e-01,1.125969117378951667e+00,-1.524386305226028027e+00,-1.554639513157636488e+00,3.708659607952863313e-01,1.211814801201964720e-01,8.594052174347848183e-01,-3.528581867376172632e-01
5.334948357602634639e-01,-5.808951816162031268e-01,-4.659302788735633638e-01,3.185100098792505441e-01,-8.932641656998132618e-01,8.132843878157374196e-01,-6.936758824348653318e-01,4.652255440297631828e-01,-4.602615734022639238e-01,2.411542122495271834e-01
-2.206126167646034197e+00,-7.719582140786503954e-01,-9.169553938963530548e-01,-4.064487903790502954e-01,6.793733963063841585e-02,1.521779323698326802e+00,8.462624718476441377e-01,-1.603027505672522279e+00,-8.569587324756218205e-01,5.986976493596474214e-01
3.256921270851496630e-01,1.454839775787924339e+00,-1.320181595532615715e+00,-6.322160452883420767e-01,-3.007394808299079791e-02,7.368128857493114747e-01,-1.335204174695690194e+00,5.635315190445795430e-01,2.725236856484840153e+00,-5.087267256534641069e-01
-6.610612176938578388e-01,-1.845417545481457644e+00,4.160674334124925267e-01,-7.203532614296664915e-01,1.335085002461318560e+00,-1.122157688410716947e+00,-1.773943399201379223e-01,-9.557928145895709937e-01,-1.023281306764954879e+00,-2.354097693529357826e+00
-2.247886149840562231e-01,1.551832653284280994e+00,-9.031117037741764886e-01,-2.469326737813185568e-01,9.764604732635357998e-01,-1.336603664127772317e-02,-7.221527794192552641e-01,-6.107097891354844599e-01,1.103222868206184870e+00,-1.573954828813338147e-01
-1.144348096000694204e+00,-1.208593984680363720e+00,7.075453097115602663e-01,-2.391762693992421918e-01,6.511883662388687766e-01,-1.095842668495919714e+00,2.443197105103787625e-01,-1.258794755788285702e+00,-1.545033798440942352e-01,1.614709160563795987e+00
1.452911329034443311e+00,1.652969394633092115e+00,3.744310526219981616e-01,-7.169246138438213345e-01,1.794344809161929621e+00,1.032581773219424015e+00,-1.188105302335799474e+00,-1.352034195961523189e+00,-7.368141926915807716e-01,7.370993925842311834e-03
2.026175815388105761e+00,7.651659882011206948e-01,1.747893660462741972e+00,-9.493165953221581743e-01,-1.431647085833205324e+00,7.973674707014331009e-01,-1.997625935920417373e+00,2.369279796907700630e-01,-1.462607958443314038e+00,-6.114474703662177157e-01
5.921022716968429300e-01,-4.102433427992925319e-01,-9.555962402623505159e-02,1.062578154780013939e-01,1.108174213379598205e+00,-1.287517578618728731e+00,-1.183243345400074809e+00,-1.238636254890510824e-01,-1.794119950638357164e+00,1.490928660795070249e+00
1.514722624556569031e+00,-1.005689532949878284e+00,-2.939410857668764421e-01,-1.489249462090661336e+00,6.248042125383201917e-02,-1.276032402202065041e+00,-1.470767570635032051e-01,-1.534763244474991684e+00,1.381521196140986507e-01,7.274529612085575137e-01
1.844109940469761677e-01,1.392940203543089894e-01,-9.978137763699944651e-01,1.144698950225736533e-01,1.251386280476797230e-01,6.171410378720025847e-01,2.294403190401272941e-02,2.410673428086107517e-01,-2.350713510689183550e-01,-2.500884316325791890e+00
1.411073738088115981e+00,5.970660699281606920e-01,1.545230188212526334e-01,1.595653133959803016e+00,-6.949941699273808338e-01,-3.120792002912555763e-01,-5.621563047733491025e-01,1.329957749636509368e+00,6.799997118027011345e-01,-5.364752111756159181e-01
-2.004712750459380910e-02,1.527548346555774206e+00,-2.124453638632497032e+00,1.695479545512946107e+00,-1.858955124509061196e+00,6.499851617877080434e-01,1.142879243884032281e+00,2.022745007345554846e+00,-7.483811452536168751e-01,1.308042156369363163e+00
1.307688270072565884e-01,-6.637989693311122652e-01,3.428181999088025789e-01,1.673497625018395496e+00,-1.926697223971152173e-02,4.631125445953842013e-01,1.608931466439085023e+00,-2.550848842476259870e-01,4.680038982982241969e-01,1.255741891375943275e+00
-8.155918791814513735e-01,8.317350886003920252e-01,2.780527506687029415e-01,5.570229358409697351e-01,4.944674114249211216e-01,-1.374375292779110413e+00,1.367918115314429972e+00,6.518573817437092188e-01,5.651231010167789837e-03,-5.259984348113464492e-01
-5.487144411661175614e-01,5.069825267015504178e-02,1.674249527992428765e+00,1.731580087617556440e+00,8.901888262500117222e-01,8.387113699751466145e-01,-8.325452093432382794e-01,1.272532095360831561e-01,-1.394700855724719801e+00,4.514554474516578875e-01
3.121308267207276721e-01,-2.413975536693826474e+00,-2.087396044079213309e-01,-5.518443536926931348e-03,-9.649367495335481326e-01,-1.598236608453091900e+00,2.196603174987223628e-01,-1.768454144220002189e-01,-3.329274910181564406e-01,7.040488228078602972e-01
-8.299482423568577127e-01,-9.745576337160819502e-01,-6.610195484759732176e-01,-7.455410813140652682e-01,-3.137346704914922846e-01,-6.352199933634383733e-01,-1.327297242361135776e+00,-4.463759803232840717e-01,-8.024451137250537824e-01,-1.427541335273986078e+00
-1.411125620448204998e+00,1.920301283495681410e+00,1.338865662355623654e+00,3.730860270549271607e-01,2.132859147277964329e+00,-1.251233603779232872e+00,7.413546580487807569e-01,3.737039352701549522e+00,7.782898501919960355e-01,9.277149812273512985e-01
2.212713819570639284e+00,2.517003677183942134e-01,-5.453015819178653745e-01,-1.544256731378136349e+00,-9.283357960010113485e-01,-9.463691793566377797e-01,-5.589067487211930585e-01,-2.331017139339925492e+00,-6.714632666823006080e-01,3.262008403606138085e-01
1.202767696745921100e+00,4.748790495668319123e-01,-4.841725918600837120e-01,-4.202710282076560500e-01,-3.528450354382795529e-01,-3.946325163938810832e-01,-9.189048966904378446e-02,1.657904877870352234e+00,9.440372780641350658e-01,1.967666809226613911e-01
-8.972468851158298397e-01,-8.299804209396500765e-01,-9.583056935837097612e-01,5.984638073843497885e-01,1.787471628510596267e+00,-1.166002007554140851e+00,-1.848204013836914683e+00,-6.316478375185941019e-01,-1.109826064132194201e+00,-1.260094683138441418e+00
1.330519491744196037e+00,-6.478282079665207416e-01,-2.198231423913328264e+00,7.304285678808702942e-01,2.773655804511911960e-01,3.148720203964455733e-01,-1.004859771397838886e+00,-2.591114336539525276e+00,-1.104515823192183666e-01,5.998857340741010624e-01
-2.181563790780316481e-01,-4.775384509319979820e-01,-1.552845437982090626e+00,2.626209143857294315e-01,3.691308745402271940e-01,-5.638451318913659804e-01,-7.612306054691740931e-01,-2.300806941307408149e+00,1.156512422180474120e+00,9.442309986388464083e-01
-1.141308591842904674e+00,1.033481231239708364e+00,1.032193752074919368e+00,-1.838277764709002338e-01,1.823523489893564165e+00,-1.051430412756252819e+00,8.475355883001832735e-01,-3.299602940773999071e-01,8.211923634283484486e-01,4.066757025161204520e-01
-3.883162417290740853e-01,-3.475495253306166710e-01,-5.849872685906754022e-01,2.692102140170372637e-01,-2.576317207053025360e+00,-1.243173977947056863e-02,1.512267874637714282e+00,4.212770928964281181e-01,1.837257197308039269e-01,-1.619645679995805054e-01
-1.272417408372498171e-01,9.186684282436131666e-01,-2.632651733150219719e-01,-2.061945617992300972e-01,1.535659982671296664e+00,-1.941239054806231934e+00,-1.950855598837558658e+00,1.476536664049885594e+00,9.621201227374857057e-01,-1.487347039007566873e-01
-2.368917806261140679e+00,-2.046402062499652175e+00,1.698681689574977671e+00,2.508170499277113663e+00,3.109856804938598840e-01,-4.882018347067507147e-02,1.044992819029734399e+00,-6.030777934523193773e-01,-1.244630824995373697e+00,-1.400860754769732708e-01
1.198361193239502742e-01,-1.233733026572893632e+00,5.528559521202662808e-01,1.959176362681843475e+00,1.008349029377155981e+00,5.890181220241291760e-01,9.386380272614915921e-01,-6.762779887660327338e-01,-6.018029253379529875e-01,6.094942417690063508e-02
1.526546360957797166e+00,-1.060480370231294378e+00,-7.950087951474873460e-01,-1.373040523678191960e+00,-1.811696211948689239e+00,-1.509009767714938999e+00,8.516188643104671829e-01,-7.911646937641092503e-01,1.772881700595766219e+00,-4.864049637367159895e-01
-6.147186041483936325e-01,1.041554793152492664e+00,-9.671304566193477115e-01,1.672494153364871561e-01,1.793904581762692185e+00,-8.418054081185946114e-01,-2.345138940365839586e-01,2.052285456201311531e-01,1.634595358278887245e+00,-5.836595887840529961e-01
5.965248341093528639e-01,-1.759589757965335233e+00,-1.170344013764088142e+00,1.598020274806317254e+00,9.529061250952558515e-01,4.865746689587280294e-03,8.937314729011813785e-01,-1.354024943174015227e+00,-1.718469651001413911e+00,-1.519806092872755476e+00
-3.992282717788199209e-01,-4.253886180683350560e-01,5.687692439727807248e-01,-1.341873448500851551e-01,1.016440256434805622e+00,1.497739218126139971e+00,2.850257455456942646e-01,-2.429233739968647832e-01,7.740868318213999233e-01,-9.188178287479561446e-01
6.922241047004170644e-01,-4.212364701156934288e-02,8.771396710890482229e-01,1.803341763202527259e+00,-6.553052676840248614e-01,-1.474218013239346314e+00,5.259228994761973031e-01,-1.244915607871724728e+00,8.329341296175289955e-01,1.275133037643592093e-01
-1.910138592559145199e+00,8.848736420662611790e-01,1.226719653556708423e+00,3.925329129890011148e-01,-1.791386204032111129e+00,-8.386497991564789700e-02,-1.129770068343342038e-01,3.364841369445314978e-01,1.009610929134141966e+00,7.416010377771209416e-01
4.013701306571261229e-01,6.795110142116499441e-01,-1.173789376465086409e+00,1.420236944865917783e+00,-1.451400611210177161e+00,3.546473357116437519e-01,1.350122912088147942e+00,9.281135676557705771e-02,1.279554108236015120e-01,-3.818136253137265901e-01
5.568265653095965106e-01,-1.186964559195507141e+00,1.743645405902620737e+00,-7.176357648564106739e-01,-6.848627924972201519e-01,4.013423677518573207e+00,5.698191888790038462e-02,-1.087808141384490890e+00,4.606173078964121981e-01,6.831990535924231667e-02
-5.609155551446390331e-02,7.298137824388417627e-02,1.085755117622367039e-01,-2.303588316168489469e-01,-6.547266964952398460e-01,-1.184220745719049894e+00,1.567485468997890985e+00,1.934623490583329719e+00,4.050686783929335899e-01,4.474293004002206642e-01
4.754667858726133733e-01,-5.234478358209260218e-01,1.076315269624010140e+00,-1.084748102681138970e+00,-5.177896933399219748e-01,-4.467435148635157671e-01,6.823794613764921912e-01,1.290595433748779275e+00,-4.348822071111611842e-02,-1.443086516993145718e+00
4.777936961102747238e-01,9.430590804268297322e-01,-1.325405278390134889e+00,-1.838364091728112437e-01,1.359513316312622511e+00,1.572274362479685106e+00,-1.086748991046807999e+00,-5.610385211881712131e-01,4.848261212766583617e-01,4.932131808541428408e-01
9.961459910989317601e-02,2.393546400241130523e-01,-1.573617134781548077e-01,7.688482321117638962e-01,-1.837940085181483330e+00,-6.694371302297227877e-02,8.661773550531948196e-02,-6.400701205048800468e-02,-1.922107136985910625e+00,1.555345794750691679e+00
5.117641681627098649e-01,-1.387070288997557022e+00,1.328036815218439637e+00,-1.878052936433609821e+00,1.033758226379879908e+00,-1.512896651625370348e+00,7.836066940399912806e-01,9.311750865953655198e-01,-8.515848324358448185e-01,8.404231104077010128e-01
1.681114241789840591e+00,2.453898768275616593e+00,9.087440088209373101e-01,-1.389738207758719757e-01,-1.360107668217909738e-01,-2.187608971146332681e+00,1.797626494111540740e+00,1.677532915462066399e+00,2.167599505204312216e+00,1.844311956451462953e+00
-5.487237648476269714e-01,-1.661199252295269657e+00,1.693214174464968691e-01,-5.091661730437937461e-01,2.813283212931766419e-02,1.728739471202363820e+00,-8.582972392571167619e-01,-1.203497922386341568e+00,-7.382672280614387406e-01,-2.504587131312863701e-01
6.792238688600199525e-01,-1.301054197527624412e+00,-4.884116990229349087e-01,5.730057459056163705e-01,-1.447988875678628329e+00,-9.673584904571610465e-01,8.422804066540113821e-01,-6.668109597165032820e-01,1.839825907590831866e-01,-8.147470486401163781e-01
4.019860853416326041e-01,-5.047678945930347272e-01,-4.500465030664429489e-01,-1.000792933946651697e+00,-8.076793046798558251e-02,7.630201307808379685e-01,1.826788786014565402e-01,6.700330596255249516e-02,4.274000197631888098e-01,-6.530007765167530343e-01
7.824861690704433270e-01,-4.464185208302440810e-01,-9.183969845558507261e-01,6.514275599493417612e-01,-2.182017738762700443e-01,-1.015031532509031331e+00,-2.892767454355802403e-01,1.525050199512859028e-01,-7.397655527056627989e-01,8.561162152232184575e-01
-1.937477868842003792e+00,8.404556188961689323e-01,3.051071996096019201e-01,1.530524874135634983e+00,-1.431100460065887203e-01,1.330647130638250797e+00,2.160581200617576747e-01,-1.507321967268229479e-01,-2.057577363644771840e+00,-1.319354555473507995e+00
-1.810763559310396342e+00,-1.634728861620168283e+00,1.563337398334178896e-01,-9.854999640142118045e-01,-4.986737375461053334e-01,-5.893836978576091346e-01,1.033223354808133765e+00,-5.386730821593852525e-01,-4.142446868154041062e-01,3.909935895818376084e-01
8.444326777822809549e-02,1.185414775669474174e+00,2.591015352302929120e+00,-2.561933764841676897e+00,1.961828901772563416e+00,8.462884770412830715e-01,-8.260729838025737681e-02,-9.110631107443251109e-01,2.813666169051496357e-01,-6.736579252000256535e-01
1.327045766768997770e-01,-5.773887501996222138e-02,-1.697416977587281328e-01,4.808166802062119327e-01,-1.023686767908759565e+00,4.370516917753929365e-01,-7.205659423791724860e-01,1.639073809268237092e+00,-4.960324808864573498e-01,-7.073325760293178721e-01
1.036405413549108090e+00,1.348186471957663723e+00,6.565205457490120855e-01,5.607552507405537678e-01,-8.622351398977761150e-01,5.557669493561223639e-02,1.057036987410603146e+00,2.198726504556681949e+00,2.566466393452364048e-01,-2.074105101462613843e-01
-1.172502912564853172e+00,-1.018955589349551105e-01,1.183498389092365821e+00,1.057610310997237679e+00,7.848939640333506551e-01,9.992852142841908425e-02,7.184882912060653881e-01,-1.750107626019250073e+00,-1.706143002944365383e+00,-1.251382620911885013e+00
-1.775408087068699681e+00,-6.466693279244538628e-01,9.761642326407010684e-01,1.798496148632424130e-01,-1.409031306125569483e+00,-5.268727172071170362e-01,5.379661024935573632e-01,-4.586249149170151806e-02,7.335526439660818854e-01,-2.345830251597058325e-01
-2.364468042512353207e-01,-2.800380867093171133e+00,-6.415459046326094095e-01,3.252834955406839756e-01,1.586182485419779242e+00,1.842005432154007472e-01,9.297407737979862530e-01,-2.931363420381189466e-01,-8.729269288355675505e-01,6.781328734825451399e-01
1.592870369999246360e-01,-7.826087674042818687e-01,-7.719111455800453658e-01,-1.627212836766476212e-01,7.349612862913899036e-01,-3.061071381716379824e-01,-7.328229658948250957e-01,-5.654327133098989711e-01,5.806270677553984072e-01,-1.959727500700138458e+00
4.885212617330727536e-01,-2.229227604850133382e+00,-7.095725355696913539e-04,-9.887142079970352437e-01,-4.196699721024150787e-01,-1.560972414826574894e+00,8.842349630998953547e-01,5.352884374853901228e-01,5.012537493601898486e-01,-1.279056843566665380e+00
-2.575006373675909899e+00,-1.713843721616455262e+00,-3.772203150773065783e-01,4.563132109220961463e-01,-2.338723408560402728e+00,1.491313844916441145e+00,9.457304506798706045e-01,-6.455026724011647676e-01,1.782934839512276826e-01,-3.066329896043161196e-01
1.835879454211136519e+00,1.121454358416144048e+00,-2.765607156626507912e+00,7.742901518513453096e-01,1.415352311967152499e+00,7.318229722364172352e-02,-1.029867776235773302e+00,1.075817887427061303e-01,1.784390176546317486e+00,1.496991781312820402e+00
-2.044310611242246889e+00,-1.265089654556365684e+00,-6.634619899814291344e-01,4.712564632033522383e-02,-1.873282638639717779e-01,7.014261254993428008e-01,-4.651930040561774726e-01,3.507772265850189752e-02,-7.420277681210184217e-02,7.080956408683906078e-01
7.708515994837453200e-02,-1.610841002501265384e-01,-3.489537473233685350e-01,-4.048021559071413034e-02,2.764770101471732300e+00,8.174439034053270214e-01,-8.892312702431617311e-01,3.286495361236918544e-01,2.266202873681282259e-01,1.244273169606002538e+00
-5.133560518167291642e-01,-1.840395090732976024e+00,-5.903974558277902407e-01,-6.175451896651202865e-01,6.686497960570489951e-01,-8.225273290292340889e-01,3.389219095482292055e-01,-1.727123267165567189e+00,1.288636790624287265e+00,-1.920842252941578510e+00
-2.951515816428884609e-02,5.704804766942601635e-01,-1.782055912575439827e+00,-2.162448277139632502e+00,3.980520014538014850e-01,4.870571774294401024e-01,8.068464035445374050e-01,-1.032895032689961301e+00,8.463634946617348831e-01,-8.312419349308694527e-02
2.278467620227520030e-02,-1.319058788995586262e+00,-1.024227534149694030e+00,-2.208029611927764257e-02,3.777475103357276209e-01,3.003854125586525869e-01,-1.633456414556298530e-01,1.454910717014256116e-01,2.178531589393809531e-01,6.140877616253365145e-02
2.259001567852620962e-01,2.280156056420738153e+00,2.754673384386334689e-01,-1.071834022457759661e-01,6.583424119456409151e-01,1.601702106366568845e+00,1.070921615852807651e+00,1.118035321256446890e+00,4.160574775466122643e-01,-1.112316503982934357e+00
-1.252764837395224928e+00,-1.385160618276887634e+00,7.450435139622909597e-01,-5.576735608844110015e-01,-1.383974021399249965e+00,-1.623568659832338223e+00,-2.043017838583499834e+00,1.646433102164119866e+00,2.613421738553950435e-02,3.399568082134245550e-01
-4.489876182288358164e-01,-1.729248258513049086e+00,-6.943942174072434415e-02,4.103578623328625885e-01,5.145386391203856657e-01,-4.670122709165007713e-01,1.467103627767039287e+00,-1.019505167114825195e+00,5.024324107260780270e-01,3.462357792113505695e-01
1.278453509995078674e+00,-5.943204818384351107e-01,-6.721895663117436470e-01,2.953504031073626024e-01,-2.336444174849973410e-01,1.042557060331875896e+00,-8.833559303705653676e-01,-1.989057798126168120e+00,3.023832926322458370e-01,4.062884450790026358e-01
8.708482244608666267e-01,1.822784351030642291e+00,1.151384049115883546e+00,-1.289469377357946867e+00,-2.469776527746534889e+00,-9.713658443789726649e-01,1.768606845634803637e+00,3.042909408709349783e+00,-1.004987366248841552e+00,-1.279551762763865064e+00
3.736332023275500402e-01,-6.448921930809987657e-01,1.615394116088979093e+00,-3.413686221481831984e-01,-9.754905883314176629e-01,1.627774919279427746e+00,2.524963064263525125e-01,-1.909229155467623285e-02,-1.262874208717319924e+00,4.949782182474198322e-01
4.127616771440680704e-02,1.297267510207181562e+00,7.768237904012680328e-01,-1.758607479816632069e-01,-6.266423858183269857e-01,1.549940828295619299e+00,6.131524732307203074e-01,8.417162063827221541e-02,-1.419320737678194666e+00,-4.915885191161524226e-01
3.857856956805310600e-01,-2.247522171153570891e-02,-1.898105064006596177e+00,-2.567689470447290567e+00,6.351174009530333731e-01,-2.587145923872800513e+00,-7.312662603862966071e-01,5.803951590262989013e-01,-1.508473417672050454e-01,-1.629330918788011617e+00
-1.206943707168046220e+00,1.398406844780257785e+00,1.993705806897829724e+00,1.417209271129753256e+00,-6.913791702594884736e-01,-8.070845701999158628e-01,2.493547504651710822e-02,-1.445620328865831750e-01,-1.302615953705334340e+00,-6.640582049087994099e-01
-4.448478231365006197e-01,1.044862971262570550e+00,-5.924695334852586592e-02,3.065359240164308163e-01,-1.014107873691822981e+00,-1.876921299871261717e-01,-1.816098949388968153e-01,1.257247700166658433e+00,1.369019125775846391e+00,9.736829301946634541e-01
-1.527230168917557696e-01,-1.456730651108459007e+00,5.474495147752165281e-01,-1.322017881809197659e+00,-1.832832843111723786e+00,-2.308420276645066771e+00,-7.771068812606873877e-02,-1.257448787810257151e+00,8.558079044796834678e-01,1.647448365768002354e+00
-4.886915182982088379e-01,-1.663222634030976366e+00,2.507431883298101849e-01,7.002368861144184220e-02,-3.451852450464589772e-01,-2.172176430338920161e-01,-5.774951267301846602e-01,1.450823890883352063e-01,-2.449302292582654639e-01,1.601613463923755032e-01
7.065978677563796717e-01,-1.244529527622444398e+00,-3.025826196110112498e+00,-4.602956324690071765e-01,-2.116451190135015259e-01,-5.516129431201017841e-01,7.237844490383955609e-01,-5.834243533382127422e-01,5.162210200925109183e-01,-4.041373609155545221e-01
3.344299439599649482e-01,3.288078589956479059e-01,-3.746713579000108263e-01,5.823345201466789689e-01,5.978489313225806567e-01,-9.673093319290613223e-01,4.407583839868878250e-02,3.565276678923684495e-01,-3.768983386299429306e-01,3.058688512601697163e+00
9.409079425216023695e-01,1.778271108157488456e+00,-3.637005612563576351e-01,1.113814233929242503e+00,8.647958430680335873e-02,1.092308102172947493e-01,-4.001942713168071819e-02,1.003680942487883421e+00,-2.180797569342368902e+00,2.137657626252728593e-01
-1.954197090240530343e-01,-1.797450987800852884e+00,-1.189486434327519770e+00,-1.061118659707380063e+00,2.235795719409436888e+00,-7.517492536257970315e-01,-2.851979431963689748e+00,-2.486485942110537195e+00,6.194700521921203684e-01,-1.571963344409375907e+00
-9.022312827874781060e-01,9.474892004731940709e-01,2.501208894692565909e-01,3.357118105869831837e-01,2.425991140635207266e+00,-3.326366639559374394e-01,-9.735488071823561462e-01,-1.045017597711341173e+00,1.344343354904181664e-01,-5.408581664167697589e-01
-6.393132584571807886e-01,1.403689219546201628e+00,7.907988063989307426e-02,-1.729405103487416273e+00,1.036045254005090843e+00,1.186754329095425220e-01,1.250780113153239670e+00,-2.880002129597100113e-01,6.461240580678619949e-01,-8.860559094056672524e-01
2.093621981117233855e+00,1.007752217697229558e+00,-1.743859857086983434e+00,9.486197062657971690e-01,-4.492110616447937410e-01,2.167980652498513017e+00,1.055597332611028838e+00,4.069280738468983305e-01,-1.610093372065971362e+00,-1.583493597981773249e+00
1.738573177321762531e+00,2.175928316141885421e+00,-1.301810803657628135e+00,5.023377510693396997e-02,3.183644584819599332e-01,-1.173110751049267542e+00,-2.477638261633449690e-01,-6.792522659554904862e-01,8.364094707904122794e-01,-1.392143617474151052e+00
1.034832573371088638e-01,9.477231987334236996e-01,1.290256546167228180e+00,3.461268942799790027e-01,-5.964618487642442402e-01,5.345540833358461974e-01,1.289211980779541911e+00,8.185710763799718404e-01,1.306360027134546797e+00,-6.006611569883817392e-01
1.163450007602856218e+00,6.457357082616339561e-01,1.230469844175676730e+00,6.415085484939511140e-01,4.338296377243167079e-01,1.097114808375011741e+00,-5.191742553224896195e-01,-4.052016688290699387e-01,8.011349930328307556e-01,1.541393319448136623e+00
6.296321846437276382e-02,8.005960095837595381e-01,-2.363063201586161899e-01,-1.094706006266147780e+00,-5.830456870619098453e-01,-1.621187903464160751e-01,8.527314623468150723e-01,1.914172428418928540e+00,1.106349441104570896e+00,-1.461448980939957343e+00
1.446242431558664165e-03,6.904027808304128433e-01,1.133836257486362520e+00,-1.490792744413248272e+00,-2.147788425110276123e+00,-6.514056843231509353e-01,9.738034494860714485e-01,1.427721740835654396e+00,-9.245003305300085739e-01,-7.779801340736740289e-02
-6.907732086962943274e-01,2.148268123850094191e-01,9.946886909312171454e-01,1.001616924739620718e+00,4.920400343616603833e-01,-6.027108461302842501e-01,-1.570781281877722924e+00,8.992473229738480178e-01,-9.199954299889654408e-01,1.940704378808229824e-01
1.075339383603633348e+00,4.090730113547748070e-01,-9.191603900811425865e-01,-4.207370766617279934e-01,-1.379682415153434816e-01,-5.451743229204051300e-01,1.141112382973483941e+00,-1.690772632124776242e-02,2.748013135185520261e-01,-9.578223563225810588e-01
-9.721089619500469237e-01,8.198806747112832860e-02,7.908163257823798142e-01,1.343922648914078533e+00,-5.446166872614426335e-01,5.370932678807339711e-01,6.189304286893698714e-01,1.169761580631938358e+00,1.162867702121041846e+00,-5.147326798061894193e-01
-2.684624948242164133e-01,-2.672867141025600191e+00,1.410617715657065618e+00,3.873888454728264263e-01,-7.455247004103862651e-02,4.007900092368862355e-01,8.743897593373839427e-02,9.587910221455151483e-01,-1.483730540610558091e+00,-1.742843107433738936e+00
-9.339186707014598410e-01,1.328250585775967441e-01,8.567802580366090659e-01,1.307873813221766435e+00,9.688543454618807615e-01,-7.859117528733678970e-01,-1.117898276082032183e+00,-1.430163865021686576e+00,-1.451582746094713716e+00,-8.541948244973815441e-02
8.638573944729990295e-01,-4.352134111659421434e-01,-9.903240956806323991e-01,6.081516670406414415e-02,4.752056400644866230e-01,-6.160419277454762810e-01,6.086600020551600210e-01,-2.902744571232366289e-01,2.509364842592749056e+00,4.509923731879785791e-01
5.252723624886699305e-01,1.247109587500740746e+00,-1.898618800437827936e+00,2.123068171889163358e-01,-2.261314517742228247e+00,8.783166657955737699e-01,8.965041278303980121e-01,1.514656627408107470e-01,1.538474631777162482e+00,1.344099910809850140e+00
3.013351835870126116e+00,2.589103906772375563e+00,-7.152590875257747172e-01,-7.156376951965643940e-01,6.422972037271972301e-01,9.092716832298579632e-01,2.103085770296750034e+00,5.718526185251978644e-01,-3.125787759756291084e-01,-5.118990905162392746e-01
1.273234750114707325e-01,1.354025712784256985e+00,4.145445869016385343e-01,1.710926754597985822e+00,1.220885119092036675e-01,-1.224764459783544535e+00,1.272708004622645550e+00,-7.201908251186150967e-01,-3.150728544497590766e-01,-5.899743138651565300e-01
-5.199338451912000059e-01,-5.826331939009317118e-01,3.035355333058534777e-01,2.067570407674220456e-01,-2.471357498802652763e+00,-1.162878907752351587e+00,1.921742228681400988e+00,1.476127623493824537e+00,7.195463255100564837e-01,1.928638379155819926e+00
1.491302807038525913e+00,-1.072259245968964825e+00,2.638946550938268271e-02,-1.841202914226491405e+00,-4.022952596534156156e-01,6.677182073083387515e-01,1.275703027894210528e+00,2.325728616843593388e-01,-1.704450833049040437e-01,-9.001545357417257698e-01
1.636773225620490324e+00,3.181580597821545009e-01,1.648651519763473794e-01,-5.802226940310911685e-01,7.968834268154811884e-01,1.567944369558948337e+00,-1.223716699258189100e-01,-8.782854855100866720e-01,-9.428412980336137172e-01,6.078026763672724764e-01
1.903196036335275121e+00,-1.872984397666005441e+00,-1.945326513821447945e+00,-2.859503835926812121e-01,1.678616132926048277e+00,-3.704712883138641111e-01,-2.210137012343180274e+00,-7.719767329864364314e-01,3.697963740540914923e-01,-3.879113697799394522e-01
-1.610927163549129570e+00,-5.037754906147821066e-01,1.410098534210329824e+00,-1.380515118031611088e-02,-5.889353434320837577e-01,-3.705394430649533444e-02,2.696919818731075225e+00,1.047709625336256334e+00,1.130435392902880976e+00,1.388047614242892691e-01
-8.110770378265446112e-01,9.539905504550358906e-01,4.809713189334606787e-01,-1.061476578666056547e-01,-2.791465112124406622e-01,1.527893808697251554e+00,-8.739032104983522897e-01,1.645210538433399705e+00,-4.409368090285347153e-01,-7.935198718814949759e-01
6.559996935436801513e-02,-2.534952917246360737e+00,4.945422111201961402e-01,1.463253991478752070e-01,2.376500505660711138e+00,4.981745811479327823e-01,-1.445243413216715123e+00,-1.472691888600652588e+00,1.085592667013756563e+00,2.735184475929000048e+00
9.275073531314798059e-01,-1.195786146041856624e+00,1.070382379441915832e+00,1.593257602581322985e+00,1.714733406749729960e+00,5.082014111475987583e-01,-3.231788196945277747e-01,1.517174115593380224e+00,-8.120580019052500154e-01,1.063755567541815550e+00
3.987380798253784553e-01,-5.165061406491816554e-01,2.396520673545654012e-01,-6.952270569541701972e-01,-2.054915091081284118e+00,-6.235338335959588196e-01,1.006264412538523390e+00,-9.361695325920088573e-02,4.860724605136732546e-01,1.595783315211198206e+00
1.704294116178064922e+00,-1.473674071958010590e+00,6.432719461893757762e-01,9.770282640718532807e-01,-1.051353046613699993e-01,-5.391775789515664830e-01,-7.406298402816228199e-01,7.586399490619967212e-01,-6.614244969634768267e-01,-1.495775437700370691e+00
-9.299126553587674371e-01,9.279274786860043367e-01,1.657758546097764629e+00,7.343350389543561452e-01,6.708345896269199971e-01,1.107487038079277175e+00,-2.247131357507577420e-01,-1.156347811307803619e+00,-3.579397760703466602e-01,2.992477907721270425e-01
-8.112256336547916113e-01,2.683651572060585799e-01,1.937767696704225884e+00,1.413533383384094400e+00,-2.608534570357838422e+00,-1.463997316891217260e+00,-4.676305636231619656e-01,-5.784726746924984120e-01,-1.483062655900975635e+00,1.374711953526799757e+00
-6.269298554457738426e-01,-2.517202743745306837e+00,9.185597579342138497e-01,-1.282454998143300218e+00,1.370808940104016660e+00,3.960623751258228187e-01,-7.172732805631808484e-01,-2.424813756237341189e-01,-2.512865472122737920e+00,2.298297905087332005e-02
-1.280630635562195696e+00,-2.347447189343313534e-01,1.955201407404057790e+00,7.304931631351645471e-01,-6.472243560213625235e-01,-1.436783194810999476e+00,-1.305372411876389860e+00,3.273872433424608597e-02,9.733175712241689537e-01,-1.814690985544893387e+00
1.165798511581485286e+00,-8.061035329260789473e-01,2.697787711564585966e-01,6.021939162740304052e-01,-9.302109987320433815e-02,-1.712298938643303625e+00,5.446129996046272792e-01,3.834602970290772461e-01,4.905974133770258927e-01,-1.325521765457004508e-01
-1.194546115502696626e+00,-5.257423238830810641e-01,5.344671395244916523e-01,2.070065570492593543e-01,4.112400338524339061e-01,3.446937625031709640e-01,-4.552708874493192059e-01,-1.033865305141417279e+00,-4.026053646684144560e-01,-5.026723422667532526e-02
1.273603404255585492e+00,-1.222526078802068206e+00,1.072570066361420604e+00,6.178826580770772070e-01,7.264388759914005567e-01,2.028372683795702347e+00,7.909104975164034101e-01,-2.164518917584869473e-01,-1.406739414402601307e+00,8.461581961675641583e-01
8.111553797731070325e-01,1.576342338582528591e+00,-1.135816031653991975e-01,2.018557274726720863e+00,-1.633054895420532615e-01,-2.883959371283689732e-01,4.126230137058495284e-01,5.123548643370062772e-01,2.126619544616733748e+00,1.012450433867656763e+00
1.162263021030163435e+00,2.895773127473603714e-01,2.269391568655578229e-01,1.002217342389742694e+00,2.229906123674861018e-01,-3.432468053779207939e-01,1.453930876569818897e+00,1.297931451668775937e-01,2.837227593973119522e+00,-4.011994343523313522e-01
1.560062065146047283e-01,2.228920458415041050e+00,1.303894331674524398e+00,1.447087942453801068e-01,-2.308877956958619748e+00,4.258197333843498633e-01,3.101997647078474918e-02,1.101904066274722038e-01,1.001994262301638017e+00,-2.041449871827971219e+00
3.563234092830903643e-01,2.615581218869596825e+00,-4.370846264701520045e-01,3.641890425475089454e-01,2.036551381465587784e-01,-6.072586883036124039e-01,-1.413631984313393763e+00,-2.659421411978429295e-01,-1.094209639594435179e+00,-1.184423618108086496e+00
1.854138410528237690e+00,7.115243831290327670e-01,-1.545148540944731863e+00,-9.715161095022228910e-02,1.899970580690035327e+00,-1.818191438390002634e+00,2.739881854334823563e-01,1.570891858512380779e+00,1.727404882512935114e+00,-2.364720451157335257e-01
1.273211061007319289e+00,1.497199746350655669e+00,-8.602065896774956089e-02,-7.125437635131526282e-01,-1.716248507238712806e+00,-3.255279038474753195e-01,1.120553636085690252e+00,-5.690662807761591724e-01,-3.625025762594812906e-01,-1.299725022356896798e-01
8.932299623296786617e-01,-1.570699553412798544e+00,1.074880875649482981e+00,1.606563615203086437e+00,1.570390590074841053e-01,6.758157421901835882e-01,5.520314587873684231e-02,-3.692239788140087020e-01,-1.367137834012935871e+00,-6.335048291561721223e-01
-7.821315512959209348e-01,5.094125197503229785e-01,1.960791756721572965e-01,1.145821583194618576e+00,-1.639686122068200413e+00,3.664336815977203843e-01,2.849887466075205489e-01,-1.214578175930963511e+00,6.272683451325519188e-01,1.818915052719059622e+00
-8.698099344937113564e-01,-6.155204647768690585e-01,7.306117260784268375e-01,-6.668292746747486177e-01,-8.290150093688208877e-01,4.142764252959558746e-01,-4.276242330611484954e-02,4.495301047103099634e-01,-5.671887938995022749e-01,-4.181451339624681629e-01
3.964390455432071914e-01,2.442872823419808270e+00,-1.389692373984064144e-01,2.827777306668873836e-01,1.120332993296628832e+00,2.057678301086903527e+00,3.924362826556854755e-01,6.759667237903737025e-01,8.058954960835008619e-01,2.265098877952417489e+00
-2.682371567650897459e-01,9.830312179397145966e-01,-6.594594772306902053e-01,4.594104764212542658e-01,1.078645453783650066e+00,-6.329423549945163430e-01,7.525678077665921561e-01,6.336974550384675275e-01,1.040838633021409221e+00,2.746791267163385175e+00
2.570447166847052434e-01,-1.874418612167050746e+00,-4.048327630243542807e-01,-2.252873646632221893e-01,2.362342944220351182e+00,-1.433253509492996125e+00,-3.264054770308449926e-01,-1.284202085424964945e+00,2.257998463660678024e+00,1.987005991060961430e+00
2.301632730619737610e-02,3.802017381645087513e-01,1.131421712420135117e+00,6.725810315350138069e-01,3.898030162660821585e-01,2.710696655295984359e-01,1.169567222751392244e+00,-9.980766780905819813e-01,1.016819041648431288e-02,8.295030294940044513e-01
-1.812709104761679901e+00,-1.352434451712205554e+00,5.343370569158355510e-01,1.369500396499808981e-01,1.262984913760853534e+00,-2.480009917648646756e+00,3.282454858492881988e-01,4.106778894554774517e-01,-2.244311934267271713e+00,-1.420250745784504165e+00
-5.787982811981213782e-01,-9.077510453397107382e-01,6.499842024901143489e-01,5.441268324383792265e-01,2.099151313743189196e+00,1.130592753899854586e+00,-8.880201964042828688e-01,-4.477211668122459409e-01,7.799787051369662105e-01,1.868109452944560767e+00
5.787310329975250411e-01,1.067092268557111812e+00,3.096602357962457974e-01,-1.098837930807213814e+00,4.697671854937708336e-01,1.553850844696168076e+00,8.558440205810190493e-01,-5.331111901067865366e-01,6.932327033451841647e-01,3.538208288842534799e-01
1.494632662661808942e+00,1.081642606411242769e-01,-2.845687969130828998e-01,-7.297359835493656410e-01,9.223713452437214411e-01,1.313026735345282248e+00,6.586733680780247902e-01,-1.609158106554642309e-02,1.312576953033802507e+00,-1.169846528092829629e+00
4.250673500822209627e-01,8.084742142193067638e-01,1.926346761001526797e+00,-1.367009954145824990e-01,9.349833226203783099e-01,-1.099531429685679518e+00,4.183256555878478444e-03,-4.212837386922018701e-01,-1.856489910954571387e+00,-4.160697007304577921e-01
-1.460348098876139256e+00,-3.356328068077904625e+00,9.380636861592148712e-01,-2.319651773526348215e+00,-3.062539898311539943e+00,-7.463869337040740515e-01,1.022373700107228167e+00,4.252608082626105901e-01,1.376072613080362217e+00,-8.576300618957132249e-01
5.811700951765980117e-01,-6.066355851944430500e-01,4.105793330628265680e-01,5.264065466728385934e-01,1.166329075210468247e+00,-1.922244556521317538e+00,8.211246177645348254e-02,-3.742923537197686557e-01,6.406413877239625076e-01,8.030108198552743382e-02
2.000279310075302686e+00,5.498714784368108344e-01,6.797507030564216013e-01,-1.572930339665767008e+00,1.453829892149702818e+00,2.279248183659210447e-03,-3.152906122698480917e+00,8.254137719524947681e-01,4.620715963837874751e-01,-3.013553996073268237e-01
1.060628783497113092e+00,1.474568383492669721e+00,1.904549087816934105e-01,4.798141228138081971e-01,-5.333830759242064179e-01,1.311068410112251836e+00,1.655667744720251244e+00,4.297928384364309573e-01,1.603732191008562680e+00,-6.761992720314280447e-01
1.401920885930404204e+00,-1.727510643208963970e+00,7.930550472154129782e-01,3.864530813344058124e-02,-6.009155381145128150e-01,2.376447219414890011e-02,-3.928047210923715782e-01,1.667341585448466335e+00,-1.848898218057760667e+00,-8.078691944422207172e-01
-7.518759357115335495e-01,-1.452425916368284886e+00,-9.221978741601355445e-01,1.138190435504851772e+00,-1.051729679721784327e+00,-4.850796135214611171e-01,1.379496316405412148e+00,3.266225808178976897e-01,-4.612400869789411439e-01,1.385512826215738125e+00
1.503155646128371270e+00,-9.231153329048542577e-01,3.779603131629454826e-01,1.974319101455515035e-01,3.678298111374375123e-01,-6.956517956869419095e-01,-1.178982936094149947e+00,-6.127490295095765205e-02,4.950975429143088524e-01,-8.957452845561366672e-01
1.279979874581020027e+00,2.903774534935776863e+00,-6.375527756141146085e-01,-1.972361723436161229e-01,-5.222927080223163099e-01,-3.828805199951463845e-01,1.855678162464894365e+00,3.294459596132923163e-02,-1.866310434788450712e+00,1.698204396701117780e+00
1.071988693643235901e+00,-1.010174781650233999e+00,-8.158238296459974226e-01,-1.962941777168896840e+00,5.721315275757919983e-01,-8.373545455666604465e-01,-9.942160914791020598e-01,-6.874908720633197134e-01,3.486218839472544628e-01,-1.459344890452952015e+00
-9.360853236516069042e-01,-1.387535243303549937e+00,7.606721450179040334e-01,1.462957942570164205e+00,-1.548839006708812249e+00,-8.006479597352339495e-01,5.407033103736496038e-01,8.755630123664521758e-01,1.425917663261234924e+00,1.258548525896819203e+00
-6.056049333988453576e-01,1.214418282844897945e-01,1.384869638809148373e+00,6.760146224844127971e-01,2.019450638090298344e+00,-2.436110676520341356e-01,4.837314736268116255e-01,6.083605621883005909e-01,-1.499983691334932367e-01,-6.240674477217074134e-01
-4.559939649739234158e-01,-5.955342583295816783e-02,1.715243036852636960e-01,-6.973954731358664727e-01,-4.938368039369242513e-01,-5.666779503559709052e-01,1.172125360778227821e+00,4.490141953511144202e-01,4.910589069051869426e-01,7.056893810494129227e-01
-6.532645313510561103e-01,1.012652819549127559e+00,-5.506047989999085512e-01,2.466012198627787200e-02,-9.001891187162787134e-01,-6.604955690076554919e-01,-3.755492037169226860e-01,-9.222864189350888919e-01,-2.891554135733937492e-01,-1.171277041087482040e-01
1.830076960126947316e-02,5.186696708912273968e-01,1.535398157680891995e-01,-4.295443099048218416e-01,1.669447609962025014e+00,1.888814222646919561e+00,-5.906996357057333613e-01,2.177910685340537000e+00,-2.257126197680475510e+00,-1.031956802974856591e-01
2.748890246191948883e+00,8.634266141564431729e-01,-1.599818847926977483e+00,1.070146146946544752e+00,2.429758337249757094e+00,1.365240120708915761e+00,-1.747696796500215477e+00,-7.869897525181804854e-01,-7.780623533170064610e-01,-5.864591235886139620e-01
1.173195711757383464e+00,2.218234461906249511e+00,1.373063117129098121e+00,-8.238377365024787125e-01,-2.326324072111876973e+00,-9.837805663393205391e-01,-1.806355062419671365e+00,6.023660929491716498e-01,-1.982552207037097780e+00,-4.572906288511121020e-01
7.008398209788621047e-01,-8.880803155696124218e-01,-2.007913504752321998e+00,8.165333723739427452e-01,2.024726678386772782e+00,-9.331873273278742387e-01,8.007955210157190473e-01,-1.384409165729233449e-02,-4.546382871614368382e-01,1.075878633143074192e-01
1.581112791411468099e-01,-1.736288451996676807e+00,-6.242714671389121284e-01,1.093932441243012699e+00,3.837125678001714890e-01,8.316780898316129544e-01,-1.397955799309800184e+00,7.742371212993826024e-01,-2.828850249116532378e-01,-1.293320930274578950e+00
-4.712210897254028308e-01,-2.117293459802541467e+00,-1.516904534243738834e+00,-6.961483756009303470e-01,-4.024223040527108997e-01,-1.417900251628875008e+00,9.838979271816425953e-01,9.986276424483855330e-01,4.002302270223835889e-01,1.731441306324390972e+00
1.524920771006329945e+00,-2.339238579979685539e-01,-7.514293118906218982e-01,-7.973655801015606670e-01,-4.066254994636732123e-01,-7.570171985381948243e-01,-4.481089874878118606e-01,-1.087989161095996193e+00,6.042883465283467315e-01,2.853464363089930345e-01
-8.734237192146525608e-01,-1.132514353721706835e+00,-2.407244169688428137e+00,2.938645111288595846e-01,-1.449141207170520085e+00,-1.200982209029565650e+00,1.429028410733228949e+00,5.780599924603453399e-01,2.201693179282527835e-01,4.929836942562096924e-01
-2.740715581875425855e+00,-1.889282443067724637e+00,-1.243842119486655851e-01,2.376392438746115054e+00,-1.096842160059628979e+00,-2.165127834242343674e+00,9.162431148080857346e-01,-1.327730323513093058e+00,1.633941084122773502e+00,1.857511835822950319e+00
-2.140647894503521442e+00,-1.620166357888769948e+00,1.627231092223254461e+00,-6.398492132547177746e-01,-5.222003839565081407e-02,-1.213176370453432185e+00,5.610371741801511991e-01,-4.381121500419123960e-01,-1.879704633493513466e+00,3.814306409068309311e-01
1.458195803878926888e+00,1.923147843806457535e+00,-9.578227139670459911e-01,-1.549299006363081377e+00,7.313232716504043385e-01,-5.385920364359767509e-01,-8.225067731264549264e-01,-7.334134613360904220e-01,9.549262906002689011e-01,7.620615012049044568e-01
4.514419932793973245e-01,4.579485676851497544e+00,-1.444331953446133188e+00,-2.709866446857940758e+00,3.199113633103892185e-01,2.997816851522197013e+00,4.266779416336089481e-01,2.111211769142311123e+00,2.040573601719420926e-01,-2.064607923141027701e+00
-1.046112699525167944e+00,-1.640401498807200209e+00,-8.315347445098182355e-01,3.148968136873864232e-01,-1.265256393868982476e+00,6.994813178406178444e-01,-1.636317646572079898e+00,5.245818147213198168e-01,6.639575540781944563e-02,5.147965378379958379e-01
-1.095941022116441399e+00,3.064405091631985378e-01,-1.350561822530457201e-01,2.477880966050803879e-01,-8.551814856529001974e-01,-3.338423043417449443e-01,-6.646587264567884734e-01,1.030378265388313785e+00,-1.561510940959348614e+00,1.232589696599296847e+00
-1.003926454240930077e+00,-2.891716589269295867e-01,5.933963330239302447e-01,-2.961525822118705187e-01,-4.882597686718699315e-01,-1.086547136174665251e+00,2.059186131488760507e-02,-9.521491189713440217e-01,-1.251818327675512654e-01,-3.690497169130652066e-01
-6.450354451319117999e-01,-1.117476513494703783e+00,-7.315603742932014208e-01,1.362157591627630449e-01,-1.516490932895399935e+00,-1.164514806001988756e+00,8.687747634961774379e-01,-1.595773354056497340e+00,-9.350377916715715276e-01,9.076737788132607232e-01
-6.739820000072225259e-01,-1.312142718006077846e+00,6.537059220542669191e-01,-2.617942079068299455e-01,-1.495975019452168375e+00,-1.621087569589030331e+00,-6.702373586946306361e-01,-2.938730295730233033e-01,2.972260503301399348e-02,5.587244129120473302e-01
-9.204360712783925536e-01,-1.907981266791314301e-02,-7.161744094441755415e-01,-2.487237729042121870e-01,1.920706554191289328e+00,-1.415754347847662409e+00,-7.773593152474701506e-01,-6.612845119456824960e-01,8.191325559326568806e-01,7.815762566535195965e-01
-2.116501024649667606e+00,-1.786109428105396635e+00,-2.449923162536770116e-01,1.898902040830654725e+00,-6.796564838981101753e-01,-8.340479444358168681e-01,-1.338112595662679150e+00,-4.176312969036050093e-01,-1.959262750963557842e+00,3.042408529977787546e-01
-8.539163668525771023e-01,1.494431599467709315e+00,6.116947562565115959e-01,3.452806960416686666e-01,-2.661143589651123742e-01,-9.696682448801101639e-01,8.751373868397684941e-01,-8.593623933335583498e-01,1.142326923837831965e+00,-2.011362203055297115e+00
-4.777835377682251305e-01,-1.114144907375229421e+00,1.370812179541904818e+00,1.083104813905238384e+00,-1.180249335097018903e+00,-5.092717706331434391e-01,-1.066980737154073156e+00,6.885990634171416103e-01,-9.539127172234882490e-01,-7.529678645827452277e-01
-2.842908503158817490e-01,-1.608779034326152768e+00,-1.080427779452115322e+00,7.182246721332117279e-01,7.937439042470255668e-01,-7.237031409154917050e-01,-4.264970990167576415e-01,3.446644537848922996e-01,4.293109354284567747e-01,1.387868677972504017e+00
-2.675838272572323540e+00,-1.792685218366748767e+00,9.887134707445022208e-01,-1.575834944673948135e+00,-1.746470961711691583e+00,1.378281571002115680e-01,-9.651488144644644329e-01,-2.422481575603052661e+00,-2.812277538492158335e-01,-1.194137034865556890e+00
